{
  "$schema": "../dynamic-compose-schema.json",
  "services": [
    {
      "name": "bewcloud",
      "image": "ghcr.io/bewcloud/bewcloud:v1.9.2",
      "internalPort": 8053,
      "isMain": true,
      "entrypoint": "bash",
      "command": "-c \"deno run --allow-net --allow-read --allow-env migrate-db.ts && deno run --allow-all main.ts\"",
      "environment": {
        "PORT": "8053",
        "BASE_URL": "${APP_PROTOCOL:-http}://${APP_DOMAIN}",
        "POSTGRESQL_HOST": "bewcloud-db",
        "POSTGRESQL_USER": "bewcloud",
        "POSTGRESQL_PASSWORD": "${DB_PASSWORD}",
        "POSTGRESQL_DBNAME": "bewcloud",
        "POSTGRESQL_PORT": "5432",
        "JWT_SECRET": "${JWT_SECRET}",
        "PASSWORD_SALT": "${PASSWORD_SALT}",
        "BREVO_API_KEY": "${BREVO_API_KEY}",
        "CONFIG_ALLOW_SIGNUPS": "${ALLOW_SIGNUPS}",
        "CONFIG_ENABLED_APPS": "news,notes,photos",
        "CONFIG_FILES_ROOT_PATH": "data-files",
        "CONFIG_ENABLE_EMAILS": "${ENABLE_EMAIL}",
        "CONFIG_ALLOWED_COOKIE_DOMAINS": "${INTERNAL_IP},bewcloud.${LOCAL_DOMAIN},${APP_HOST}"
      },
      "volumes": [
        {
          "hostPath": "${APP_DATA_DIR}/data/bewcloud",
          "containerPath": "/app/data-files"
        }
      ]
    },
    {
      "name": "bewcloud-db",
      "image": "postgres:15",
      "environment": {
        "POSTGRES_USER": "bewcloud",
        "POSTGRES_PASSWORD": "${DB_PASSWORD}",
        "POSTGRES_DB": "bewcloud"
      },
      "volumes": [
        {
          "hostPath": "${APP_DATA_DIR}/data/bewcloud/db",
          "containerPath": "/var/lib/postgresql/data"
        }
      ]
    }
  ]
}
