{
  "services": [
    {
      "name": "hoarder",
      "image": "ghcr.io/hoarder-app/hoarder:0.25.0",
      "isMain": true,
      "internalPort": 3000,
      "environment": {
        "MEILI_ADDR": "http://hoarder-meilisearch:7700",
        "BROWSER_WEB_URL": "http://hoarder-chrome:9222",
        "DATA_DIR": "/data",
        "HOARDER_VERSION": "0.20.0",
        "OPENAI_API_KEY": "${OPENAI_API_KEY}",
        "NEXTAUTH_SECRET": "${NEXTAUTH_SECRET}",
        "MEILI_MASTER_KEY": "${MEILI_MASTER_KEY}",
        "NEXTAUTH_URL": "${APP_PROTOCOL:-http}://${APP_DOMAIN}"
      },
      "volumes": [
        {
          "hostPath": "${APP_DATA_DIR}/data/app",
          "containerPath": "/data"
        }
      ]
    },
    {
      "name": "hoarder-chrome",
      "image": "gcr.io/zenika-hub/alpine-chrome:124",
      "command": [
        "--no-sandbox",
        "--disable-gpu",
        "--disable-dev-shm-usage",
        "--remote-debugging-address=0.0.0.0",
        "--remote-debugging-port=9222",
        "--hide-scrollbars"
      ]
    },
    {
      "name": "hoarder-meilisearch",
      "image": "getmeili/meilisearch:v1.14",
      "environment": {
        "MEILI_NO_ANALYTICS": "true",
        "MEILI_MASTER_KEY": "${MEILI_MASTER_KEY}"
      },
      "volumes": [
        {
          "hostPath": "${APP_DATA_DIR}/data/melli_data",
          "containerPath": "/meili_data"
        }
      ]
    }
  ],
  "$schema": "../dynamic-compose-schema.json"
}
