{
  "$schema": "../dynamic-compose-schema.json",
  "services": [
    {
      "name": "joplin",
      "image": "joplin/server:3.3.13",
      "isMain": true,
      "internalPort": 22300,
      "environment": {
        "APP_PORT": "22300",
        "APP_BASE_URL": "${APP_PROTOCOL:-http}://${APP_DOMAIN}/",
        "DB_CLIENT": "pg",
        "POSTGRES_PASSWORD": "${JOPLIN_DB_PASSWORD}",
        "POSTGRES_USER": "tipi",
        "POSTGRES_DATABASE": "joplin",
        "POSTGRES_PORT": "5432",
        "POSTGRES_HOST": "db-joplin",
        "MAX_TIME_DRIFT": "0"
      },
      "dependsOn": ["db-joplin"]
    },
    {
      "name": "db-joplin",
      "image": "postgres:14.2",
      "environment": {
        "POSTGRES_PASSWORD": "${JOPLIN_DB_PASSWORD}",
        "POSTGRES_USER": "tipi",
        "POSTGRES_DB": "joplin"
      },
      "volumes": [
        {
          "hostPath": "${APP_DATA_DIR}/data/postgres",
          "containerPath": "/var/lib/postgresql/data"
        }
      ]
    }
  ]
}
