{
  "$schema": "../dynamic-compose-schema.json",
  "services": [
    {
      "name": "electrs-ui",
      "image": "ghcr.io/montejojorge/electrs-ui:v0.9.2",
      "isMain": true,
      "internalPort": 3006,
      "environment": {
        "BITCOIND_DIR": "/data/.bitcoin",
        "ELECTRUM_LOCAL_DOMAIN": "runtipi.home",
        "ELECTRUM_IP_ADDRESS": "${INTERNAL_IP}",
        "ELECTRS_HOST": "electrs",
        "BITCOIND_HOST": "${BITCOIND_HOST:-bitcoind}"
      },
      "volumes": [
        {
          "hostPath": "${BITCOIND_DIR:-${APP_DATA_DIR}/../bitcoind/data}",
          "containerPath": "/data/.bitcoin",
          "readOnly": true
        }
      ]
    },
    {
      "name": "electrs",
      "image": "getumbrel/electrs:v0.10.9",
      "isMain": true,
      "addPorts": [
        {
          "hostPort": 50001,
          "containerPort": 50001
        }
      ],
      "user": "0:0",
      "environment": {
        "ELECTRS_COOKIE_FILE": "/data/.bitcoin/.cookie",
        "ELECTRS_DB_DIR": "/data/db",
        "ELECTRS_ELECTRUM_RPC_ADDR": "0.0.0.0:50001",
        "ELECTRS_LOG_FILTERS": "INFO",
        "ELECTRS_DAEMON_RPC_ADDR": "${BITCOIND_HOST:-bitcoind}:8332",
        "ELECTRS_DAEMON_P2P_ADDR": "${BITCOIND_HOST:-bitcoind}:8333"
      },
      "volumes": [
        {
          "hostPath": "${BITCOIND_DIR:-${APP_DATA_DIR}/../bitcoind/data}",
          "containerPath": "/data/.bitcoin",
          "readOnly": true
        },
        {
          "hostPath": "${APP_DATA_DIR}/data",
          "containerPath": "/data"
        }
      ],
      "stopGracePeriod": "15m"
    }
  ]
}
