{
  "services": [
    {
      "name": "deemix",
      "image": "registry.gitlab.com/bockiii/deemix-docker:latest",
      "isMain": true,
      "internalPort": 6595,
      "restart": "unless-stopped",
      "environment": {
        "PUID": "1000",
        "PGID": "1000",
        "UMASK_SET": "022"
      },
      "volumes": [
        {
          "hostPath": "${APP_DATA_DIR}/data/deemix-config",
          "containerPath": "/config"
        },
        {
          "hostPath": "${ROOT_FOLDER_HOST}/media",
          "containerPath": "/media"
        },
        {
          "hostPath": "${ROOT_FOLDER_HOST}/media/data/torrents/deemix",
          "containerPath": "/downloads"
        },
        {
          "hostPath": "${ROOT_FOLDER_HOST}/media/data/music",
          "containerPath": "/music"
        }
      ]
    }
  ],
  "$schema": "../dynamic-compose-schema.json"
}
