{
  "$schema": "../dynamic-compose-schema.json",
  "services": [
    {
      "name": "dashdot",
      "image": "mauricenino/dashdot:6.0.0",
      "isMain": true,
      "internalPort": 3001,
      "environment": {
        "DASHDOT_SHOW_HOST": "false",
        "DASHDOT_SHOW_DASH_VERSION": "true",
        "DASHDOT_ENABLE_CPU_TEMPS": "true",
        "DASHDOT_USE_IMPERIAL": "true",
        "DASHDOT_ALWAYS_SHOW_PERCENTAGES": "true",
        "DASHDOT_PAGE_TITLE": "dashdot",
        "DASHDOT_ACCEPT_OOKLA_EULA": "true"
      },
      "volumes": [
        {
          "hostPath": "/",
          "containerPath": "/mnt/host",
          "readOnly": true
        }
      ],
      "privileged": true
    }
  ]
}
