{
  "$schema": "../dynamic-compose-schema.json",
  "services": [
    {
      "name": "filestash",
      "image": "machines/filestash:latest",
      "isMain": true,
      "internalPort": 8334,
      "environment": {
        "APPLICATION_URL": "${APP_DOMAIN}",
        "GDRIVE_CLIENT_ID": "${FILESTASH_GDRIVE_CLIENT_ID}",
        "GDRIVE_CLIENT_SECRET": "${FILESTASH_GDRIVE_CLIENT_SECRET}",
        "DROPBOX_CLIENT_ID": "${FILESTASH_DROPBOX_CLIENT_ID}",
        "ONLYOFFICE_URL": "http://filestash-onlyoffice"
      },
      "dependsOn": ["filestash-onlyoffice"],
      "volumes": [
        {
          "hostPath": "${APP_DATA_DIR}/data",
          "containerPath": "/app/data/state/"
        }
      ]
    },
    {
      "name": "filestash-onlyoffice",
      "image": "onlyoffice/documentserver:7.3.3.50",
      "securityOpt": ["seccomp:unconfined"]
    }
  ]
}
