{
  "$schema": "../dynamic-compose-schema.json",
  "services": [
    {
      "name": "cross-seed",
      "image": "ghcr.io/cross-seed/cross-seed:6.12.7",
      "isMain": true,
      "command": "daemon",
      "user": "1000:1000",
      "environment": {
        "TZ": "${TZ}"
      },
      "volumes": [
        {
          "containerPath": "/config",
          "hostPath": "${APP_DATA_DIR}/data/config"
        },
        {
          "containerPath": "/torrents",
          "hostPath": "${ROOT_FOLDER_HOST}/app-data/transmission-vpn/data/config/transmission-home/torrents"
        },
        {
          "containerPath": "/cross-seeds",
          "hostPath": "${ROOT_FOLDER_HOST}/media/torrents/watch"
        }
      ]
    }
  ]
}
