{
  "services": [
    {
      "name": "hammond",
      "image": "alfhou/hammond:v0.0.24",
      "isMain": true,
      "internalPort": 3000,
      "environment": {
        "TZ": "${TZ}"
      },
      "volumes": [
        {
          "hostPath": "${APP_DATA_DIR}/data/config",
          "containerPath": "/config"
        },
        {
          "hostPath": "${APP_DATA_DIR}/data/assets",
          "containerPath": "/assets"
        },
        {
          "hostPath": "/etc/timezone",
          "containerPath": "/etc/timezone",
          "readOnly": true
        },
        {
          "hostPath": "/etc/localtime",
          "containerPath": "/etc/localtime",
          "readOnly": true
        }
      ],
      "healthCheck": {
        "interval": "10s",
        "timeout": "5s",
        "retries": 5,
        "startPeriod": "30s",
        "test": "wget --no-verbose --tries=1 --spider http://localhost:3000"
      }
    }
  ],
  "$schema": "../dynamic-compose-schema.json"
}
