{
  "$schema": "../dynamic-compose-schema.json",
  "services": [
    {
      "image": "registry.gitlab.com/crafty-controller/crafty-4:4.4.9",
      "name": "crafty",
      "internalPort": 8443,
      "isMain": true,
      "volumes": [
        {
          "hostPath": "${APP_DATA_DIR}/data/backups",
          "containerPath": "/crafty/backups"
        },
        {
          "hostPath": "${APP_DATA_DIR}/data/logs",
          "containerPath": "/crafty/logs"
        },
        {
          "hostPath": "${APP_DATA_DIR}/data/servers",
          "containerPath": "/crafty/servers"
        },
        {
          "hostPath": "${APP_DATA_DIR}/data/config",
          "containerPath": "/crafty/app/config"
        },
        {
          "hostPath": "${APP_DATA_DIR}/data/import",
          "containerPath": "/crafty/import"
        }
      ],
      "environment": {
        "TZ": "${TZ}"
      },
      "addPorts": [
        {
          "containerPort": 8123,
          "hostPort": 8123
        },
        {
          "containerPort": 19132,
          "hostPort": 19132,
          "udp": true
        },
        {
          "hostPort": "25500-25600",
          "containerPort": "25500-25600"
        }
      ],
      "extraLabels": {
        "traefik.http.services.{{RUNTIPI_APP_ID}}.loadbalancer.server.scheme": "https",
        "traefik.http.services.{{RUNTIPI_APP_ID}}.loadbalancer.serverstransport": "insecuretransport@file"
      }
    }
  ]
}
