{
  "services": [
    {
      "name": "calibre-web",
      "image": "lscr.io/linuxserver/calibre-web:0.6.24",
      "isMain": true,
      "internalPort": 8083,
      "environment": {
        "PUID": "1000",
        "PGID": "1000",
        "TZ": "${TZ}"
      },
      "volumes": [
        {
          "hostPath": "${APP_DATA_DIR}/data/config",
          "containerPath": "/config"
        },
        {
          "hostPath": "${APP_DATA_DIR}/data/calibre",
          "containerPath": "/calibre"
        },
        {
          "hostPath": "${ROOT_FOLDER_HOST}/media/data/books",
          "containerPath": "/books"
        }
      ]
    }
  ],
  "$schema": "../dynamic-compose-schema.json"
}
