{
  "services": [
    {
      "name": "dokuwiki",
      "image": "lscr.io/linuxserver/dokuwiki:2024-02-06b-ls250",
      "isMain": true,
      "internalPort": 80,
      "volumes": [
        {
          "hostPath": "${APP_DATA_DIR}/data/config",
          "containerPath": "/config",
          "readOnly": false
        }
      ],
      "environment": {
        "TZ": "${TZ}"
      },
      "healthCheck": {
        "test": "curl --fail http://localhost || exit 1",
        "retries": 3,
        "interval": "30s",
        "timeout": "10s"
      }
    }
  ],
  "$schema": "../dynamic-compose-schema.json"
}
