{
  "services": [
    {
      "name": "docmost",
      "image": "docmost/docmost:0.20.4",
      "isMain": true,
      "internalPort": 3000,
      "environment": {
        "APP_URL": "${APP_PROTOCOL:-http}://${APP_DOMAIN}",
        "APP_SECRET": "${DOCMOST_APP_SECRET}",
        "DATABASE_URL": "postgresql://docmost:${DOCMOST_PG_PASSWORD}@docmost-db:5432/docmost?schema",
        "REDIS_URL": "redis://docmost-redis:6379"
      },
      "dependsOn": ["docmost-db", "docmost-redis"],
      "volumes": [
        {
          "hostPath": "${APP_DATA_DIR}/data/storage",
          "containerPath": "/app/data/storage"
        }
      ]
    },
    {
      "name": "docmost-db",
      "image": "postgres:16-alpine",
      "environment": {
        "POSTGRES_DB": "docmost",
        "POSTGRES_USER": "docmost",
        "POSTGRES_PASSWORD": "${DOCMOST_PG_PASSWORD}"
      },
      "volumes": [
        {
          "hostPath": "${APP_DATA_DIR}/data/postgresql",
          "containerPath": "/var/lib/postgresql/data"
        }
      ]
    },
    {
      "name": "docmost-redis",
      "image": "redis:7.2-alpine",
      "volumes": [
        {
          "hostPath": "${APP_DATA_DIR}/data/redis",
          "containerPath": "/data"
        }
      ]
    }
  ],
  "$schema": "../dynamic-compose-schema.json"
}
