{
  "services": [
    {
      "name": "calcom",
      "image": "calcom/cal.com:v5.3.4",
      "isMain": true,
      "internalPort": 3000,
      "environment": {
        "DATABASE_HOST": "db-calcom",
        "DATABASE_URL": "postgresql://${POSTGRES_USERNAME}:${POSTGRES_PASSWORD}@db-calcom/calcom",
        "DATABASE_DIRECT_URL": "postgresql://${POSTGRES_USERNAME}:${POSTGRES_PASSWORD}@db-calcom/calcom",
        "POSTGRES_USER": "${POSTGRES_USERNAME}",
        "POSTGRES_PASSWORD": "${POSTGRES_PASSWORD}",
        "POSTGRES_DB": "calcom",
        "LICENSE": "agree",
        "NEXT_PUBLIC_LICENSE_CONSENT": "agree",
        "NEXT_PUBLIC_WEBAPP_URL": "https://${APP_DOMAIN}",
        "NEXTAUTH_SECRET": "${CALCOM_NEXTAUTH_SECRET}",
        "CALENDSO_ENCRYPTION_KEY": "${CALENDSO_ENCRYPTION_KEY}",
        "MS_GRAPH_CLIENT_ID": "${MS_GRAPH_CLIENT_ID}",
        "MS_GRAPH_CLIENT_SECRET": "${MS_GRAPH_CLIENT_SECRET}",
        "ZOOM_CLIENT_ID": "${ZOOM_CLIENT_ID}",
        "ZOOM_CLIENT_SECRET": "${ZOOM_CLIENT_SECRET}",
        "GOOGLE_API_CREDENTIALS": "${CALCOM_GOOGLE_API_CREDENTIALS}",
        "EMAIL_FROM": "${EMAIL_FROM}",
        "EMAIL_SERVER_HOST": "${EMAIL_SERVER_HOST}",
        "EMAIL_SERVER_PORT": "${EMAIL_SERVER_PORT}",
        "EMAIL_SERVER_PASSWORD": "${EMAIL_SERVER_PASSWORD}",
        "EMAIL_SERVER_USER": "${EMAIL_SERVER_USER}",
        "NODE_ENV": "production"
      },
      "dependsOn": ["db-calcom"]
    },
    {
      "name": "db-calcom",
      "image": "postgres:16.1",
      "environment": {
        "POSTGRES_PASSWORD": "${POSTGRES_PASSWORD}",
        "POSTGRES_USER": "${POSTGRES_USERNAME}",
        "POSTGRES_DB": "calcom"
      },
      "volumes": [
        {
          "hostPath": "${APP_DATA_DIR}/data/db",
          "containerPath": "/var/lib/postgresql/data"
        }
      ]
    }
  ],
  "$schema": "../dynamic-compose-schema.json"
}
