{
  "services": [
    {
      "name": "homarr",
      "image": "ghcr.io/ajnart/homarr:0.15.10",
      "isMain": true,
      "internalPort": 7575,
      "environment": {
        "TZ": "${TZ}"
      },
      "volumes": [
        {
          "hostPath": "${APP_DATA_DIR}/data/config",
          "containerPath": "/app/data/configs"
        },
        {
          "hostPath": "${APP_DATA_DIR}/data/icons",
          "containerPath": "/app/public/icons"
        },
        {
          "hostPath": "${APP_DATA_DIR}/data/dashboard",
          "containerPath": "/data"
        },
        {
          "hostPath": "/var/run/docker.sock",
          "containerPath": "/var/run/docker.sock"
        }
      ]
    }
  ],
  "$schema": "../dynamic-compose-schema.json"
}
