{
  "$schema": "../dynamic-compose-schema.json",
  "services": [
    {
      "name": "guacamole",
      "image": "guacamole/guacamole:1.5.5",
      "isMain": true,
      "internalPort": 8080,
      "environment": {
        "POSTGRESQL_DATABASE": "guacamole",
        "POSTGRESQL_USER": "guacamole",
        "POSTGRESQL_PASSWORD": "${GUACAMOLE_DB_PASSWORD}",
        "GUACD_HOSTNAME": "guacamole-guacd",
        "POSTGRESQL_HOSTNAME": "guacamole-db"
      }
    },
    {
      "name": "guacamole-guacd",
      "image": "guacamole/guacd:1.5.5"
    },
    {
      "name": "guacamole-db",
      "image": "postgres:14",
      "environment": {
        "POSTGRES_DB": "guacamole",
        "POSTGRES_USER": "guacamole",
        "POSTGRES_PASSWORD": "${GUACAMOLE_DB_PASSWORD}"
      },
      "volumes": [
        {
          "hostPath": "${APP_DATA_DIR}/data/db",
          "containerPath": "/var/lib/postgresql/data"
        },
        {
          "hostPath": "${APP_DATA_DIR}/data/init/sql",
          "containerPath": "/config/sql"
        },
        {
          "hostPath": "${APP_DATA_DIR}/data/init/init-guacamole.sh",
          "containerPath": "/docker-entrypoint-initdb.d/init-guacamole.sh"
        }
      ]
    }
  ]
}
