{
  "services": [
    {
      "name": "jellyfin",
      "image": "lscr.io/linuxserver/jellyfin:10.10.7",
      "isMain": true,
      "internalPort": 8096,
      "environment": {
        "PUID": "1000",
        "PGID": "1000",
        "TZ": "${TZ}",
        "JELLYFIN_PublishedServerUrl": "${APP_PROTOCOL:-http}://${APP_DOMAIN}/"
      },
      "volumes": [
        {
          "hostPath": "${APP_DATA_DIR}/data/config",
          "containerPath": "/config"
        },
        {
          "hostPath": "${ROOT_FOLDER_HOST}/media/data",
          "containerPath": "/media/data"
        }
      ]
    }
  ],
  "$schema": "../dynamic-compose-schema.json"
}
