{
  "services": [
    {
      "name": "halo",
      "image": "halohub/halo:2.20.21",
      "isMain": true,
      "internalPort": 8090,
      "dependsOn": {
        "halodb": {
          "condition": "service_healthy"
        }
      },
      "volumes": [
        {
          "hostPath": "${APP_DATA_DIR}",
          "containerPath": "/root/.halo2"
        }
      ],
      "command": [
        "--spring.r2dbc.url=r2dbc:pool:postgresql://halodb/halo",
        "--spring.r2dbc.username=halo",
        "--spring.r2dbc.password=${HALO_DATABASE_PASSWORD}",
        "--spring.sql.init.platform=postgresql",
        "--halo.external-url=${HALO_EXTERNAL_URL}"
      ],
      "healthCheck": {
        "interval": "30s",
        "timeout": "5s",
        "retries": 5,
        "startPeriod": "30s",
        "test": "curl -f http://localhost:8090/actuator/health/readiness"
      }
    },
    {
      "name": "halodb",
      "image": "postgres:latest",
      "environment": {
        "POSTGRES_PASSWORD": "${HALO_DATABASE_PASSWORD}",
        "POSTGRES_USER": "halo",
        "POSTGRES_DB": "halo",
        "PGUSER": "halo"
      },
      "volumes": [
        {
          "hostPath": "${APP_DATA_DIR}/db",
          "containerPath": "/var/lib/postgresql/data"
        }
      ],
      "healthCheck": {
        "interval": "10s",
        "timeout": "5s",
        "retries": 5,
        "test": "pg_isready"
      }
    }
  ],
  "$schema": "../dynamic-compose-schema.json"
}
