{
  "$schema": "../dynamic-compose-schema.json",
  "services": [
    {
      "name": "hedgedoc",
      "image": "quay.io/hedgedoc/hedgedoc:1.10.3",
      "isMain": true,
      "internalPort": 3000,
      "environment": {
        "CMD_DB_URL": "postgres://hedgedoc:${HEDGEDOC_DB_PASSWORD}@hedgedoc-db:5432/hedgedoc",
        "CMD_DOMAIN": "${APP_DOMAIN}",
        "CMD_URL_ADDPORT": "${HEDGEDOC_ADDPORT}"
      },
      "dependsOn": ["hedgedoc-db"],
      "volumes": [
        {
          "hostPath": "${APP_DATA_DIR}/data/hedgedoc-uploads",
          "containerPath": "/hedgedoc/public/uploads"
        }
      ]
    },
    {
      "name": "hedgedoc-db",
      "image": "postgres:13.4-alpine",
      "environment": {
        "POSTGRES_USER": "hedgedoc",
        "POSTGRES_PASSWORD": "${HEDGEDOC_DB_PASSWORD}",
        "POSTGRES_DB": "hedgedoc"
      },
      "volumes": [
        {
          "hostPath": "${APP_DATA_DIR}/data/postgres",
          "containerPath": "/var/lib/postgresql/data"
        }
      ]
    }
  ]
}
