{
  "$schema": "../dynamic-compose-schema.json",
  "services": [
    {
      "name": "invoice-ninja",
      "image": "invoiceninja/invoiceninja:5.11.82",
      "user": "1500:1500",
      "environment": {
        "IN_USER_EMAIL": "${INVOICE_NINJA_USER_MAIL}",
        "IN_PASSWORD": "${INVOICE_NINJA_USER_PASSWORD}",
        "APP_URL": "${APP_PROTOCOL:-http}://${APP_DOMAIN}",
        "APP_NAME": "Invoice Ninja",
        "APP_ENV": "production",
        "APP_KEY": "${INVOICE_NINJA_APP_KEY}",
        "APP_CIPHER": "AES-256-CBC",
        "DB_HOST": "invoice-ninja-db",
        "DB_PORT": "3306",
        "DB_DATABASE": "ninja",
        "DB_USERNAME": "ninja",
        "DB_PASSWORD": "ninja",
        "REQUIRE_HTTPS": "false",
        "QUEUE_CONNECTION": "database",
        "IS_DOCKER": "TRUE"
      },
      "dependsOn": ["invoice-ninja-db"],
      "volumes": [
        {
          "hostPath": "${APP_DATA_DIR}/data/public",
          "containerPath": "/var/www/app/public"
        },
        {
          "hostPath": "${APP_DATA_DIR}/data/storage",
          "containerPath": "/var/www/app/storage"
        },
        {
          "hostPath": "${APP_DATA_DIR}/data/php/php.ini",
          "containerPath": "/usr/local/etc/php/php.ini",
          "readOnly": true
        },
        {
          "hostPath": "${APP_DATA_DIR}/data/php/php-cli.ini",
          "containerPath": "/usr/local/etc/php/php-cli.ini",
          "readOnly": true
        }
      ]
    },
    {
      "name": "invoice-ninja-web",
      "image": "nginx:1.28",
      "isMain": true,
      "internalPort": 80,
      "dependsOn": {
        "invoice-ninja": {
          "condition": "service_started"
        }
      },
      "volumes": [
        {
          "hostPath": "${APP_DATA_DIR}/data/nginx/invoice-ninja.conf",
          "containerPath": "/etc/nginx/conf.d/default.conf",
          "readOnly": true
        },
        {
          "hostPath": "${APP_DATA_DIR}/data/public",
          "containerPath": "/var/www/app/public",
          "readOnly": true
        }
      ]
    },
    {
      "name": "invoice-ninja-db",
      "image": "mariadb:10.7",
      "environment": {
        "MARIADB_ROOT_PASSWORD": "${INVOICE_NINJA_BDD_PASSWORD}",
        "MARIADB_USER": "ninja",
        "MARIADB_PASSWORD": "ninja",
        "MARIADB_DATABASE": "ninja"
      },
      "volumes": [
        {
          "hostPath": "${APP_DATA_DIR}/data/mysql",
          "containerPath": "/var/lib/mysql"
        }
      ]
    }
  ]
}
