{
  "$schema": "../dynamic-compose-schema.json",
  "services": [
    {
      "name": "emqx",
      "image": "emqx/emqx:5.9.0",
      "isMain": true,
      "internalPort": 18083,
      "addPorts": [
        {
          "hostPort": 1883,
          "containerPort": 1883
        },
        {
          "hostPort": 8083,
          "containerPort": 8083
        },
        {
          "hostPort": 8084,
          "containerPort": 8084
        },
        {
          "hostPort": 8883,
          "containerPort": 8883
        }
      ],
      "environment": {
        "TZ": "${TZ}",
        "EMQX_NODE_NAME": "emqx@emqx",
        "EMQX_CLUSTER__DISCOVERY_STRATEGY": "static",
        "EMQX_CLUSTER__STATIC__SEEDS": "[emqx@emqx,emqx@emqx-n2]"
      },
      "volumes": [
        {
          "hostPath": "${APP_DATA_DIR}/data/n1",
          "containerPath": "/opt/emqx/data"
        }
      ],
      "healthCheck": {
        "interval": "5s",
        "timeout": "25s",
        "retries": 5,
        "test": "/opt/emqx/bin/emqx ctl status"
      }
    },
    {
      "name": "emqx-n2",
      "image": "emqx/emqx:5.9.0",
      "environment": {
        "TZ": "${TZ}",
        "EMQX_NODE_NAME": "emqx@emqx-n2",
        "EMQX_CLUSTER__DISCOVERY_STRATEGY": "static",
        "EMQX_CLUSTER__STATIC__SEEDS": "[emqx@emqx,emqx@emqx-n2]"
      },
      "volumes": [
        {
          "hostPath": "${APP_DATA_DIR}/data/n2",
          "containerPath": "/opt/emqx/data"
        }
      ],
      "healthCheck": {
        "interval": "5s",
        "timeout": "25s",
        "retries": 5,
        "test": "/opt/emqx/bin/emqx ctl status"
      }
    }
  ]
}
