{
  "$schema": "../dynamic-compose-schema.json",
  "services": [
    {
      "name": "bazarr",
      "image": "lscr.io/linuxserver/bazarr:1.5.2",
      "isMain": true,
      "internalPort": 6767,
      "environment": {
        "PUID": "1000",
        "PGID": "1000",
        "TZ": "${TZ}"
      },
      "volumes": [
        {
          "hostPath": "/etc/localtime",
          "containerPath": "/etc/localtime",
          "readOnly": true
        },
        {
          "hostPath": "${APP_DATA_DIR}/data",
          "containerPath": "/config"
        },
        {
          "hostPath": "${ROOT_FOLDER_HOST}/media",
          "containerPath": "/media"
        }
      ]
    }
  ]
}
