{
  "services": [
    {
      "name": "fireshare",
      "image": "shaneisrael/fireshare:v1.2.25",
      "isMain": true,
      "internalPort": 80,
      "environment": {
        "ADMIN_USERNAME": "${FIRESHARE_USERNAME}",
        "ADMIN_PASSWORD": "${FIRESHARE_PASSWORD}",
        "SECRET_KEY": "${FIRESHARE_SECRET_KEY}",
        "MINUTES_BETWEEN_VIDEO_SCANS": "5",
        "PUID": "1000",
        "PGID": "1000"
      },
      "volumes": [
        {
          "hostPath": "${APP_DATA_DIR}/data/fireshare_data",
          "containerPath": "/data"
        },
        {
          "hostPath": "${APP_DATA_DIR}/data/fireshare_processed",
          "containerPath": "/processed"
        },
        {
          "hostPath": "${ROOT_FOLDER_HOST}/media/data/videos/fireshare_videos",
          "containerPath": "/videos"
        }
      ]
    }
  ],
  "$schema": "../dynamic-compose-schema.json"
}
