{
  "$schema": "../dynamic-compose-schema.json",
  "services": [
    {
      "name": "jackett",
      "image": "lscr.io/linuxserver/jackett:latest",
      "isMain": true,
      "internalPort": 9117,
      "environment": {
        "PUID": "1000",
        "PGID": "1000",
        "TZ": "${TZ}",
        "AUTO_UPDATE": "true"
      },
      "volumes": [
        {
          "hostPath": "${APP_DATA_DIR}/data",
          "containerPath": "/config"
        },
        {
          "hostPath": "${ROOT_FOLDER_HOST}/media/torrents",
          "containerPath": "/media/torrents"
        }
      ]
    }
  ]
}
